Text,Gloss,NpyFilesRoot
how can i help them stay active and mobile?,"ACTIVE STAY, MOBILE HELP, HOW CAN?","/ACTIVE STAY, MOBILE HELP, HOW CAN?/*.npy"
are there any specific activities you should be doing more or less of?,ACTIVITY SPECIFIC MORE LESS DO SHOULD?,/Users/nadashahin/Desktop/Research/Sign Language/Datasets/ASL_Continuous_Videos original/ACTIVITY SPECIFIC MORE LESS DO SHOULD?/*.npy
do you have any known allergies to medications or substances?,ALLERGY MEDICATION OR SUBSTANCE ANY HAVE YOU?,/ALLERGY MEDICATION OR SUBSTANCE ANY HAVE YOU?/*.npy
we'll be performing an allergy skin test,ALLERGY SKIN TEST DO WILL,/ALLERGY SKIN TEST DO WILL/*.npy
i'm interested in learning about alternative therapies that might help,"ALTERNATIVE THERAPIES, INTERESTED LEARN ABOUT","/ALTERNATIVE THERAPIES, INTERESTED LEARN ABOUT/*.npy"
do you have any history of reactions to anesthesia or sedation?,ANESTHESIA REACTION HISTORY HAVE?,/ANESTHESIA REACTION HISTORY HAVE?/*.npy
how can i help them cope with anxiety related to their health?,"ANXIETY HEALTH-RELATED, COPE HELP, HOW CAN?","/ANXIETY HEALTH-RELATED, COPE HELP, HOW CAN?/*.npy"
please contact us if you experience any adverse reactions to the medication,"ANY BAD REACTIONS MEDICINE, CONTACT US PLEASE","/ANY BAD REACTIONS MEDICINE, CONTACT US PLEASE/*.npy"
i am here to answer any questions you might have,ANY QUESTIONS HAVE? HERE-me TO ANSWER,/ANY QUESTIONS HAVE? HERE-me TO ANSWER/*.npy
how has your appetite been affected by your health or medications?,APPETITE AFFECT HEALTH MEDICATION HOW?,/APPETITE AFFECT HEALTH MEDICATION HOW?/*.npy
can you check why i'm losing my appetite?,"APPETITE LOSING WHY, CHECK CAN YOU?","/APPETITE LOSING WHY, CHECK CAN YOU?/*.npy"
have you noticed your appetite or sleep patterns?,APPETITE SLEEP PATTERN YOU NOTICE?,/APPETITE SLEEP PATTERN YOU NOTICE?/*.npy
can i have an interpreter for my appointment?,"APPOINTMENT MY, INTERPRETER HAVE CAN I?","/APPOINTMENT MY, INTERPRETER HAVE CAN I?/*.npy"
do you need any assistance with transportation to your appointments?,APPOINTMENT TRANSPORTATION HELP NEED?,/APPOINTMENT TRANSPORTATION HELP NEED?/*.npy
i need assistance getting to my appointment,"APPOINTMENT, ASSISTANCE NEED I","/APPOINTMENT, ASSISTANCE NEED I/*.npy"
can we schedule their appointments for a time that's convenient for both of us?,"APPOINTMENTS THEIR, SCHEDULE CONVENIENT TIME, CAN?","/APPOINTMENTS THEIR, SCHEDULE CONVENIENT TIME, CAN?/*.npy"
please keep your arm elevated to reduce swelling,ARM KEEP ELEVATE REDUCE SWELLING,/ARM KEEP ELEVATE REDUCE SWELLING/*.npy
i'm here to assist with their care what do i need to know?,"ASSIST THEIR CARE, KNOW NEED WHAT?","/ASSIST THEIR CARE, KNOW NEED WHAT?/*.npy"
i need to understand the precautions for my autoimmune disease,"AUTOIMMUNE DISEASE, PRECAUTIONS UNDERSTAND NEED","/AUTOIMMUNE DISEASE, PRECAUTIONS UNDERSTAND NEED/*.npy"
we need to check your balance and coordination,BALANCE COORDINATION CHECK NEED,/BALANCE COORDINATION CHECK NEED/*.npy
i'm having trouble with my balance is that normal?,"BALANCE TROUBLE HAVE I, NORMAL?","/BALANCE TROUBLE HAVE I, NORMAL?/*.npy"
can you show me how to change this badage?,"BANDAGE CHANGE HOW, SHOW CAN YOU?","/BANDAGE CHANGE HOW, SHOW CAN YOU?/*.npy"
can i get a nurse to assist me with bathing?,"BATHING, NURSE ASSIST CAN?","/BATHING, NURSE ASSIST CAN?/*.npy"
can i eat before the blood test?,BEFORE BLOOD TEST EAT CAN I?,/BEFORE BLOOD TEST EAT CAN I?/*.npy
how can we work together to ensure the best outcome for their health?,"BEST OUTCOME ENSURE, WORK TOGETHER HOW?","/BEST OUTCOME ENSURE, WORK TOGETHER HOW?/*.npy"
do you need any help understanding the billing or insurance process?,BILLING INSURANCE PROCESS UNDERSTAND HELP NEED?,/BILLING INSURANCE PROCESS UNDERSTAND HELP NEED?/*.npy
i have a question about my billing statement,"BILLING STATEMENT, QUESTION HAVE I","/BILLING STATEMENT, QUESTION HAVE I/*.npy"
we need to discuss birth control options,BIRTH CONTROL OPTIONS DISCUSS,/BIRTH CONTROL OPTIONS DISCUSS/*.npy
please inform me if you experience any bleeding,BLEEDING EXPERIENCE INFORM ME PLEASE,/BLEEDING EXPERIENCE INFORM ME PLEASE/*.npy
it's important to keep a record of your blood glucose levels,BLOOD GLUCOSE LEVELS RECORD KEEP,/BLOOD GLUCOSE LEVELS RECORD KEEP/*.npy
we'll be doing a routine check of your blood levels,BLOOD LEVELS ROUTINE CHECK WE DO,/BLOOD LEVELS ROUTINE CHECK WE DO/*.npy
it's important to check your blood pressure regularly,BLOOD PRESSURE CHECK REGULAR IMPORTANT,/BLOOD PRESSURE CHECK REGULAR IMPORTANT/*.npy
we need to monitor your blood pressure levels,BLOOD PRESSURE LEVELS MONITOR NEED,/BLOOD PRESSURE LEVELS MONITOR NEED/*.npy
can you show me how to monitor my blood pressure at home?,"BLOOD PRESSURE MONITOR HOW, SHOW CAN YOU?","/BLOOD PRESSURE MONITOR HOW, SHOW CAN YOU?/*.npy"
it's important to manage your blood sugar levels,BLOOD SUGAR LEVEL MANAGE IMPORTANT,/BLOOD SUGAR LEVEL MANAGE IMPORTANT/*.npy
it's important to get regular blood test,BLOOD TEST REGULAR GET IMPORTANT,/BLOOD TEST REGULAR GET IMPORTANT/*.npy
we'll be checking for any abnormalities in your blood work,BLOOD WORK ABNORMALITIES CHECK WE DO,/BLOOD WORK ABNORMALITIES CHECK WE DO/*.npy
let's schedule a bone density test,BONE DENSITY TEST SCHEDULE WE WILL,/BONE DENSITY TEST SCHEDULE WE WILL/*.npy
we need to evaluate your bone health and risk for fractures,BONE HEALTH FRACTURE RISK EVALUATE NEED,/BONE HEALTH FRACTURE RISK EVALUATE NEED/*.npy
have you noticed any changes in your bowel movement?,BOWEL MOVEMENT CHANGES NOTICE YOU?,/BOWEL MOVEMENT CHANGES NOTICE YOU?/*.npy
are you experiencing any shortness of breath?,BREATH SHORT YOU EXPERIENCE?,/BREATH SHORT YOU EXPERIENCE?/*.npy
i'm having difficulty breathing what should i do?,"BREATHING DIFFICULTY HAVE I, WHAT DO SHOULD I?","/BREATHING DIFFICULTY HAVE I, WHAT DO SHOULD I?/*.npy"
i need help with my breathing exercises,"BREATHING EXERCISES, HELP NEED I","/BREATHING EXERCISES, HELP NEED I/*.npy"
we need to discuss your caffeine and tobacco use,CAFFEINE TOBACCO USE DISCUSS,/CAFFEINE TOBACCO USE DISCUSS/*.npy
it's important to us that you feel comfortable and informed about your care,CARE COMFORTABLE INFORMED FEEL IMPORTANT TO US,/CARE COMFORTABLE INFORMED FEEL IMPORTANT TO US/*.npy
i'm looking for resources on how to care for someone with their condition,"CARE FOR THEM, CONDITION THEIR WITH, RESOURCES LOOK FOR","/CARE FOR THEM, CONDITION THEIR WITH, RESOURCES LOOK FOR/*.npy"
is there a coordinator i can speak with about ongoing care?,"CARE ONGOING, COORDINATOR SPEAK WITH, CAN?","/CARE ONGOING, COORDINATOR SPEAK WITH, CAN?/*.npy"
would you like to discuss your options for advanced care planning?,CARE PLANNING ADVANCED DISCUSS WANT?,/CARE PLANNING ADVANCED DISCUSS WANT?/*.npy
i want to be involved in their care planning,"CARE PLANNING, INVOLVED WANT","/CARE PLANNING, INVOLVED WANT/*.npy"
do you have any questions about the instructions for your post-operative care?,CARE POST-OPERATIVE INSTRUCTION QUESTION HAVE?,/CARE POST-OPERATIVE INSTRUCTION QUESTION HAVE?/*.npy
i'm worried about managing their care on my own can you provide any advice?,"CARE THEIR MANAGE, ALONE WORRY, ADVICE PROVIDE CAN?","/CARE THEIR MANAGE, ALONE WORRY, ADVICE PROVIDE CAN?/*.npy"
i'd like to know how to manage their care more effectively,"CARE THEIR MANAGE, HOW LEARN WANT","/CARE THEIR MANAGE, HOW LEARN WANT/*.npy"
is there any special training i need to assist with their care?,"CARE THEIR, ASSIST, TRAINING SPECIAL NEED?","/CARE THEIR, ASSIST, TRAINING SPECIAL NEED?/*.npy"
is there specific equipment we need to get for their care at home?,"CARE THEIR, EQUIPMENT SPECIFIC HOME NEED?","/CARE THEIR, EQUIPMENT SPECIFIC HOME NEED?/*.npy"
i'm looking for advice on how to balance my caregiving responsibilities,"CAREGIVING RESPONSIBILITIES, BALANCE ADVICE LOOK FOR","/CAREGIVING RESPONSIBILITIES, BALANCE ADVICE LOOK FOR/*.npy"
i'm experiencing discomfort with my cast,"CAST MY, DISCOMFORT FEEL I","/CAST MY, DISCOMFORT FEEL I/*.npy"
can you provide a cheaper alternative to this medicine?,CHEAPER ALTERNATIVE THIS MEDICINE PROVIDE CAN YOU?,/CHEAPER ALTERNATIVE THIS MEDICINE PROVIDE CAN YOU?/*.npy
we'll start with checking your heart function,CHECK HEART FUNCTION WE START,/CHECK HEART FUNCTION WE START/*.npy
we recommend scheduling regular check-ups for ongoing monitoring,CHECK-UP REGULAR SCHEDULE RECOMMEND,/CHECK-UP REGULAR SCHEDULE RECOMMEND/*.npy
how often should i come in for a check-up?,"CHECK-UP, HOW OFTEN COME SHOULD I?","/CHECK-UP, HOW OFTEN COME SHOULD I?/*.npy"
we'll be doing a digital exam,CHECKUP DIGITAL EXAM DO,/CHECKUP DIGITAL EXAM DO/*.npy
i need to understand the side effects of chemotherapy,"CHEMOTHERAPY SIDE EFFECTS, UNDERSTAND NEED","/CHEMOTHERAPY SIDE EFFECTS, UNDERSTAND NEED/*.npy"
are you currently experiencing any chest pain?,CHEST PAIN EXPERIENCE YOU NOW?,/CHEST PAIN EXPERIENCE YOU NOW?/*.npy
we need to check your cholesterol levels,CHOLESTEROL LEVELS CHECK NEED,/CHOLESTEROL LEVELS CHECK NEED/*.npy
we offer support services for patients with chronic conditions,CHRONIC CONDITIONS PATIENTS SUPPORT SERVICES WE OFFER,/CHRONIC CONDITIONS PATIENTS SUPPORT SERVICES WE OFFER/*.npy
i need advice on coping with chronic fatigue,"CHRONIC FATIGUE, COPING ADVICE NEED","/CHRONIC FATIGUE, COPING ADVICE NEED/*.npy"
please let me know if you need help managing chronic pain,CHRONIC PAIN HELP NEED INFORM ME,/CHRONIC PAIN HELP NEED INFORM ME/*.npy
can you help me manage my chronic pain?,CHRONIC PAIN MANAGE HELP CAN YOU?,/CHRONIC PAIN MANAGE HELP CAN YOU?/*.npy
can you provide more information on this clinical trial?,"CLINICAL TRIAL THIS, MORE INFORMATION PROVIDE CAN YOU?","/CLINICAL TRIAL THIS, MORE INFORMATION PROVIDE CAN YOU?/*.npy"
how can i assist in their cognitive exercises or therapies?,"COGNITIVE EXERCISES, THERAPIES, ASSIST HOW CAN?","/COGNITIVE EXERCISES, THERAPIES, ASSIST HOW CAN?/*.npy"
i want to make sure they're comfortable can I bring personal items from home?,"COMFORTABLE MAKE SURE WANT, PERSONAL ITEMS FROM HOME BRING CAN?","/COMFORTABLE MAKE SURE WANT, PERSONAL ITEMS FROM HOME BRING CAN?/*.npy"
can you provide information on how to prevent complications?,"COMPLICATIONS PREVENT, INFORMATION PROVIDE CAN?","/COMPLICATIONS PREVENT, INFORMATION PROVIDE CAN?/*.npy"
are you experiencing any difficulties with daily activities due to your condition?,CONDITION AFFECT DAILY ACTIVITY HOW?,/CONDITION AFFECT DAILY ACTIVITY HOW?/*.npy
how has your condition impacted your work or daily routines?,CONDITION AFFECT WORK DAILY ROUTINE HOW?,/CONDITION AFFECT WORK DAILY ROUTINE HOW?/*.npy
i'd like to know how their current condition might affect their future health,"CONDITION CURRENT THEIR, FUTURE HEALTH AFFECT HOW, KNOW WANT","/CONDITION CURRENT THEIR, FUTURE HEALTH AFFECT HOW, KNOW WANT/*.npy"
do you have any concerns about the long-term effects of your condition?,CONDITION LONG-TERM EFFECT CONCERN HAVE?,/CONDITION LONG-TERM EFFECT CONCERN HAVE?/*.npy
are there any concerns you have about managing your condition long-term?,CONDITION LONG-TERM MANAGE CONCERN ANY?,/CONDITION LONG-TERM MANAGE CONCERN ANY?/*.npy
would you like more information on how to manage your condition at home?,CONDITION MANAGE HOME INFORMATION WANT?,/CONDITION MANAGE HOME INFORMATION WANT?/*.npy
can we discuss ways to manage their condition without overmedication?,"CONDITION MANAGE, OVERMEDICATION WITHOUT, WAYS DISCUSS?","/CONDITION MANAGE, OVERMEDICATION WITHOUT, WAYS DISCUSS?/*.npy"
can i get a list of foods to avoid with my condition?,"CONDITION MY, AVOID FOODS LIST GET CAN I?","/CONDITION MY, AVOID FOODS LIST GET CAN I?/*.npy"
is there a risk of relapse with my condition?,"CONDITION MY, RELAPSE RISK?","/CONDITION MY, RELAPSE RISK?/*.npy"
what steps can we take to prevent this condition from recurring?,"CONDITION PREVENT, RECURRING STEPS WHAT?","/CONDITION PREVENT, RECURRING STEPS WHAT?/*.npy"
i'd like to understand more about the risks associated with their condition,"CONDITION RISKS, UNDERSTAND MORE WANT","/CONDITION RISKS, UNDERSTAND MORE WANT/*.npy"
i'm here to learn how to monitor their condition effectively,"CONDITION THEIR MONITOR, LEARN HERE I","/CONDITION THEIR MONITOR, LEARN HERE I/*.npy"
are there any activities or foods you should avoid with this condition?,CONDITION THIS AVOID ACTIVITY OR FOOD ANY?,/CONDITION THIS AVOID ACTIVITY OR FOOD ANY?/*.npy
how will this condition affect my lifestyle?,"CONDITION THIS, MY LIFESTYLE AFFECT HOW?","/CONDITION THIS, MY LIFESTYLE AFFECT HOW?/*.npy"
what are the signs that their condition is worsening?,"CONDITION WORSEN, SIGNS WHAT?","/CONDITION WORSEN, SIGNS WHAT?/*.npy"
we'll need you to sign some consent forms,CONSENT FORMS SIGN NEED YOU,/CONSENT FORMS SIGN NEED YOU/*.npy
have you been exposed to anyone with contagious diseases recently?,CONTAGIOUS DISEASES EXPOSE RECENT ANY?,/CONTAGIOUS DISEASES EXPOSE RECENT ANY?/*.npy
we offer counseling services if you need someone to talk to,COUNSELING SERVICES NEED? WE OFFER,/COUNSELING SERVICES NEED? WE OFFER/*.npy
do you have any cultural or religious considerations we should be aware of in your care?,CULTURE RELIGION CARE CONSIDER NEED?,/CULTURE RELIGION CARE CONSIDER NEED?/*.npy
can you teach me how to help them with daily exercises?,"DAILY EXERCISES, HELP THEM WITH, TEACH ME CAN?","/DAILY EXERCISES, HELP THEM WITH, TEACH ME CAN?/*.npy"
i'm looking for advice on how to make their daily life easier,"DAILY LIFE EASIER MAKE, ADVICE NEED","/DAILY LIFE EASIER MAKE, ADVICE NEED/*.npy"
it's important to maintain regular dental checkups,DENTAL CHECKUPS REGULAR MAINTAIN,/DENTAL CHECKUPS REGULAR MAINTAIN/*.npy
are you feeling depressed or anxious?,DEPRESSED ANXIOUS FEEL YOU?,/DEPRESSED ANXIOUS FEEL YOU?/*.npy
can you explain their diagnosis to me? i'm their caregiver,"DIAGNOSIS THEIR, EXPLAIN TO ME, CAREGIVER I","/DIAGNOSIS THEIR, EXPLAIN TO ME, CAREGIVER I/*.npy"
do you need clarification on any part of your diagnosis or treatment plan?,DIAGNOSIS TREATMENT PLAN CLARIFICATION NEED?,/DIAGNOSIS TREATMENT PLAN CLARIFICATION NEED?/*.npy
it's important to maintain a balanced diet,DIET BALANCED MAINTAIN IMPORTANT,/DIET BALANCED MAINTAIN IMPORTANT/*.npy
we offer nutritional counseling to help with your diet,DIET HELP NUTRITIONAL COUNSELING WE OFFER,/DIET HELP NUTRITIONAL COUNSELING WE OFFER/*.npy
do you have any specific dietary needs or restrictions?,DIET NEED SPECIAL OR RESTRICTION HAVE?,/DIET NEED SPECIAL OR RESTRICTION HAVE?/*.npy
can i have a diet plan for my high cholesterol?,"DIET PLAN HIGH CHOLESTEROL FOR, HAVE CAN I?","/DIET PLAN HIGH CHOLESTEROL FOR, HAVE CAN I?/*.npy"
have you been following the diet plan we discussed last time?,DIET PLAN WE DISCUSS LAST TIME YOU FOLLOW?,/DIET PLAN WE DISCUSS LAST TIME YOU FOLLOW?/*.npy
i'm here to help with their dietary needs can you give me guidelines?,"DIETARY NEEDS THEIR, HELP WITH, GUIDELINES GIVE CAN?","/DIETARY NEEDS THEIR, HELP WITH, GUIDELINES GIVE CAN?/*.npy"
do you have any dietary restrictions?,DIETARY RESTRICTIONS HAVE YOU?,/DIETARY RESTRICTIONS HAVE YOU?/*.npy
can i get a dietitian consultation?,DIETITIAN CONSULTATION GET CAN I?,/DIETITIAN CONSULTATION GET CAN I?/*.npy
is there a dietitian we can talk to about meal planning?,"DIETITIAN, MEAL PLAN, TALK CAN?","/DIETITIAN, MEAL PLAN, TALK CAN?/*.npy"
have you been experiencing any digestive issues?,DIGESTIVE ISSUES EXPERIENCE YOU?,/DIGESTIVE ISSUES EXPERIENCE YOU?/*.npy
can you explain the follow-up care after my discharge?,"DISCHARGE AFTER, FOLLOW-UP CARE EXPLAIN CAN YOU?","/DISCHARGE AFTER, FOLLOW-UP CARE EXPLAIN CAN YOU?/*.npy"
i'd like to know more about the follow-up care after they're discharged,"DISCHARGE AFTER, FOLLOW-UP CARE, MORE KNOW WANT","/DISCHARGE AFTER, FOLLOW-UP CARE, MORE KNOW WANT/*.npy"
i'm worried about how they'll manage once they're discharged what resources are available?,"DISCHARGE AFTER, MANAGE HOW, WORRY I, RESOURCES WHAT?","/DISCHARGE AFTER, MANAGE HOW, WORRY I, RESOURCES WHAT?/*.npy"
can i have a printout of my discharge instructions?,"DISCHARGE INSTRUCTIONS, PRINTOUT HAVE CAN I?","/DISCHARGE INSTRUCTIONS, PRINTOUT HAVE CAN I?/*.npy"
can we discuss their discharge plan in detail?,"DISCHARGE PLAN THEIR, DISCUSS DETAIL CAN?","/DISCHARGE PLAN THEIR, DISCUSS DETAIL CAN?/*.npy"
can we arrange for special assistance when they're discharged?,"DISCHARGED THEY, SPECIAL ASSISTANCE ARRANGE CAN?","/DISCHARGED THEY, SPECIAL ASSISTANCE ARRANGE CAN?/*.npy"
have you had any dizziness or fainting spells?,DIZZINESS FAINTING EXPERIENCE YOU?,/DIZZINESS FAINTING EXPERIENCE YOU?/*.npy
what symptoms should prompt an immediate call to the doctor?,"DOCTOR CALL IMMEDIATE, SYMPTOMS WHAT PROMPT?","/DOCTOR CALL IMMEDIATE, SYMPTOMS WHAT PROMPT?/*.npy"
can you provide the names of any previous doctors you've seen?,DOCTOR PAST NAME ANY PROVIDE CAN YOU?,/DOCTOR PAST NAME ANY PROVIDE CAN YOU?/*.npy
i'd like to speak with the doctor about their treatment plan,"DOCTOR SPEAK WANT, TREATMENT PLAN THEIR ABOUT","/DOCTOR SPEAK WANT, TREATMENT PLAN THEIR ABOUT/*.npy"
do you have someone to drive you home after the procedure?,DRIVE HOME PERSON HAVE YOU?,/DRIVE HOME PERSON HAVE YOU?/*.npy
can we discuss the signs of potential drug interactions or side effects?,"DRUG INTERACTIONS, SIDE EFFECTS SIGNS, DISCUSS CAN?","/DRUG INTERACTIONS, SIDE EFFECTS SIGNS, DISCUSS CAN?/*.npy"
have you been experiencing any ear pain?,EAR PAIN EXPERIENCE YOU?,/EAR PAIN EXPERIENCE YOU?/*.npy
how can i make this easier for your child?,EASIER FOR YOUR CHILD HOW?,/EASIER FOR YOUR CHILD HOW?/*.npy
can you confirm your emergency contact information?,EMERGENCY CONTACT CONFIRM CAN?,/EMERGENCY CONTACT CONFIRM CAN?/*.npy
we need to update your emergency contact information,EMERGENCY CONTACT UPDATE NEED,/EMERGENCY CONTACT UPDATE NEED/*.npy
i need to update my emergency contact information,"EMERGENCY CONTACT, UPDATE NEED I","/EMERGENCY CONTACT, UPDATE NEED I/*.npy"
what should we do if there's an emergency related to their condition?,"EMERGENCY IF, CONDITION RELATED THEIR, DO WHAT?","/EMERGENCY IF, CONDITION RELATED THEIR, DO WHAT?/*.npy"
can we discuss how to handle their condition in an emergency?,"EMERGENCY, CONDITION THEIR HANDLE, HOW DISCUSS?","/EMERGENCY, CONDITION THEIR HANDLE, HOW DISCUSS?/*.npy"
i'd like to know how to handle their emotional ups and downs,"EMOTIONAL UPS DOWNS, HANDLE HOW, KNOW WANT","/EMOTIONAL UPS DOWNS, HANDLE HOW, KNOW WANT/*.npy"
we need to discuss your exposure to environmental toxins,ENVIRONMENTAL TOXINS EXPOSURE DISCUSS,/ENVIRONMENTAL TOXINS EXPOSURE DISCUSS/*.npy
are you comfortable proceeding with this examination?,EXAMINATION CONTINUE COMFORTABLE YOU?,/EXAMINATION CONTINUE COMFORTABLE YOU?/*.npy
can i stay with them during the examination?,"EXAMINATION DURING, STAY WITH THEM CAN I?","/EXAMINATION DURING, STAY WITH THEM CAN I?/*.npy"
please wear comfortable clothing for the physical examination,"EXAMINATION PHYSICAL, WEAR COMFORTABLE CLOTHING PLEASE","/EXAMINATION PHYSICAL, WEAR COMFORTABLE CLOTHING PLEASE/*.npy"
would you like guidance on exercise and diet for your health?,EXERCISE DIET GUIDANCE WANT?,/EXERCISE DIET GUIDANCE WANT?/*.npy
have you been following the exercise recommendations?,EXERCISE RECOMMENDATIONS FOLLOW YOU?,/EXERCISE RECOMMENDATIONS FOLLOW YOU?/*.npy
it's important to exercise regularly,EXERCISE REGULAR IMPORTANT,/EXERCISE REGULAR IMPORTANT/*.npy
can we get a list of recommended exercises for them?,"EXERCISES RECOMMENDED, LIST GET CAN?","/EXERCISES RECOMMENDED, LIST GET CAN?/*.npy"
it's important to get regular eye exams,EYE EXAMS REGULAR GET IMPORTANT,/EYE EXAMS REGULAR GET IMPORTANT/*.npy
have you been experiencing any eye irritation or vision changes?,EYE IRRITATION VISION CHANGE EXPERIENCE YOU?,/EYE IRRITATION VISION CHANGE EXPERIENCE YOU?/*.npy
we need to check your eyesight and hearing,EYESIGHT HEARING CHECK NEED,/EYESIGHT HEARING CHECK NEED/*.npy
can you provide any feedback on your experience with our medical facility so far?,FACILITY MEDICAL EXPERIENCE FEEDBACK CAN GIVE?,/FACILITY MEDICAL EXPERIENCE FEEDBACK CAN GIVE?/*.npy
did you fall or got injured recently?,FALL INJURED RECENT YOU?,/FALL INJURED RECENT YOU?/*.npy
i'm looking for guidance on how to reduce their risk of falls,"FALLS RISK REDUCE, GUIDANCE LOOK FOR","/FALLS RISK REDUCE, GUIDANCE LOOK FOR/*.npy"
how has your family been coping with your health situation?,FAMILY COPE HEALTH SITUATION HOW?,/FAMILY COPE HEALTH SITUATION HOW?/*.npy
can you provide details of any family history of this condition?,FAMILY HISTORY CONDITION DETAIL CAN GIVE?,/FAMILY HISTORY CONDITION DETAIL CAN GIVE?/*.npy
it's important to inform us of any changes in your family's medical history,FAMILY MEDICAL HISTORY CHANGE TELL IMPORTANT,/FAMILY MEDICAL HISTORY CHANGE TELL IMPORTANT/*.npy
we need to discuss your family's medical history,FAMILY MEDICAL HISTORY DISCUSS NEED,/FAMILY MEDICAL HISTORY DISCUSS NEED/*.npy
please inform me if you're feeling anxious,FEEL ANXIOUS PLEASE INFORM ME,/FEEL ANXIOUS PLEASE INFORM ME/*.npy
i'm feeling depressed are there resources available for me?,"FEEL DEPRESSED I, RESOURCES AVAILABLE?","/FEEL DEPRESSED I, RESOURCES AVAILABLE?/*.npy"
can you check why i'm feeling dizzy?,"FEEL DIZZY WHY, CHECK CAN YOU?","/FEEL DIZZY WHY, CHECK CAN YOU?/*.npy"
how have you been feeling emotionally with your current health condition?,FEEL EMOTIONAL HEALTH CURRENT HOW?,/FEEL EMOTIONAL HEALTH CURRENT HOW?/*.npy
i'm feeling nauseous is that a side effect?,"FEEL NAUSEOUS, SIDE EFFECT?","/FEEL NAUSEOUS, SIDE EFFECT?/*.npy"
i'm feeling overwhelmed can i speak with a counselor?,"FEEL OVERWHELMED I, COUNSELOR TALK CAN?","/FEEL OVERWHELMED I, COUNSELOR TALK CAN?/*.npy"
we recommend getting a flu shot annually,FLU SHOT ANNUALLY WE RECOMMEND,/FLU SHOT ANNUALLY WE RECOMMEND/*.npy
please keep your follow-up appointments for continuous care,FOLLOW-UP APPOINTMENTS KEEP IMPORTANT,/FOLLOW-UP APPOINTMENTS KEEP IMPORTANT/*.npy
how often should we come in for follow-up appointments?,"FOLLOW-UP APPOINTMENTS, HOW OFTEN COME?","/FOLLOW-UP APPOINTMENTS, HOW OFTEN COME?/*.npy"
do you have any questions about the follow-up procedures?,FOLLOW-UP PROCEDURE QUESTION HAVE?,/FOLLOW-UP PROCEDURE QUESTION HAVE?/*.npy
it's important to have regular follow-ups to monitor your heart condition,FOLLOW-UP REGULAR HEART MONITOR IMPORTANT,/FOLLOW-UP REGULAR HEART MONITOR IMPORTANT/*.npy
we'll need to schedule a follow-up to assess your treatment progress,FOLLOW-UP SCHEDULE NEED TO ASSESS PROGRESS,/FOLLOW-UP SCHEDULE NEED TO ASSESS PROGRESS/*.npy
please roll up your sleeve for the blood test,"FOR BLOOD-TEST, SLEEVE ROLL-UP PLEASE","/FOR BLOOD-TEST, SLEEVE ROLL-UP PLEASE/*.npy"
i'm experiencing numbness in my hands and feet,"HANDS FEET, NUMBNESS EXPERIENCE I","/HANDS FEET, NUMBNESS EXPERIENCE I/*.npy"
it's important to inform us of any changes in your health,HEALTH CHANGE ANY TELL IMPORTANT,/HEALTH CHANGE ANY TELL IMPORTANT/*.npy
it's important to maintain communication with us about any changes in your health,HEALTH CHANGE COMMUNICATION MAINTAIN IMPORTANT,/HEALTH CHANGE COMMUNICATION MAINTAIN IMPORTANT/*.npy
how active are you able to be with your current health condition?,HEALTH CONDITION ACTIVE HOW MUCH?,/HEALTH CONDITION ACTIVE HOW MUCH?/*.npy
how has your mobility been affected by your health condition?,HEALTH CONDITION AFFECT MOBILITY HOW?,/HEALTH CONDITION AFFECT MOBILITY HOW?/*.npy
do you have any specific goals for your health and treatment?,HEALTH GOAL SPECIFIC HAVE YOU?,/HEALTH GOAL SPECIFIC HAVE YOU?/*.npy
would you like to discuss any preventive measures for your health?,HEALTH PREVENTIVE MEASURE DISCUSS WANT?,/HEALTH PREVENTIVE MEASURE DISCUSS WANT?/*.npy
how are you feeling about the progress you've made with your health?,HEALTH PROGRESS FEEL ABOUT HOW?,/HEALTH PROGRESS FEEL ABOUT HOW?/*.npy
are there any lifestyle changes you've made recently related to your health?,HEALTH RELATED LIFESTYLE CHANGE RECENT ANY?,/HEALTH RELATED LIFESTYLE CHANGE RECENT ANY?/*.npy
do you need any assistance with accessing health resources or information?,HEALTH RESOURCE INFORMATION ACCESS HELP NEED?,/HEALTH RESOURCE INFORMATION ACCESS HELP NEED?/*.npy
how well are you dealing with the stress related to your health condition?,HEALTH STRESS DEAL WELL HOW?,/HEALTH STRESS DEAL WELL HOW?/*.npy
can we get assistance with navigating the healthcare system?,"HEALTHCARE SYSTEM NAVIGATE, ASSISTANCE GET CAN?","/HEALTHCARE SYSTEM NAVIGATE, ASSISTANCE GET CAN?/*.npy"
we will do a hearing test,HEARING TEST DO WILL,/HEARING TEST DO WILL/*.npy
i'm having trouble hearing can you speak louder?,"HEARING TROUBLE HAVE I, LOUDER SPEAK CAN YOU?","/HEARING TROUBLE HAVE I, LOUDER SPEAK CAN YOU?/*.npy"
we will check your heart,HEART CHECK DO WILL,/HEART CHECK DO WILL/*.npy
i need information on managing my heart condition,"HEART CONDITION, MANAGING INFORMATION NEED","/HEART CONDITION, MANAGING INFORMATION NEED/*.npy"
we need to evaluate your risk for heart disease,HEART DISEASE RISK EVALUATE NEED,/HEART DISEASE RISK EVALUATE NEED/*.npy
we need to monitor your heart rate and rhythm,HEART RATE RHYTHM MONITOR NEED WE,/HEART RATE RHYTHM MONITOR NEED WE/*.npy
we will do a stress test to evaluate your heart,HEART STRESS TEST DO WILL,/HEART STRESS TEST DO WILL/*.npy
please inform me if you're using any herbal remedies,HERBAL REMEDIES USE INFORM ME,/HERBAL REMEDIES USE INFORM ME/*.npy
i'm here for a second opinion,HERE FOR SECOND OPINION I,/HERE FOR SECOND OPINION I/*.npy
is there wi-fi available in the waiting area?,HERE Wi-Fi AVAILABLE?,/HERE Wi-Fi AVAILABLE?/*.npy
we need to discuss options for managing high blood pressure,HIGH BLOOD PRESSURE MANAGE OPTIONS DISCUSS,/HIGH BLOOD PRESSURE MANAGE OPTIONS DISCUSS/*.npy
can we get advice on adapting our home for their needs?,"HOME ADAPT, THEIR NEEDS FOR, ADVICE GET CAN?","/HOME ADAPT, THEIR NEEDS FOR, ADVICE GET CAN?/*.npy"
how can we make their home environment more conducive to healing?,"HOME ENVIRONMENT, HEALING PROMOTE, MAKE HOW?","/HOME ENVIRONMENT, HEALING PROMOTE, MAKE HOW?/*.npy"
i need a recommendation for a home health aid,"HOME HEALTH AID, RECOMMENDATION NEED I","/HOME HEALTH AID, RECOMMENDATION NEED I/*.npy"
is it possible to arrange for home health services?,"HOME HEALTH SERVICES, ARRANGE POSSIBLE?","/HOME HEALTH SERVICES, ARRANGE POSSIBLE?/*.npy"
how can i make the home environment safer for their recovery?,"HOME MAKE SAFE, RECOVERY FOR HOW?","/HOME MAKE SAFE, RECOVERY FOR HOW?/*.npy"
i'm worried about the risk of infection in the hospital,"HOSPITAL INFECTION RISK, WORRY ABOUT","/HOSPITAL INFECTION RISK, WORRY ABOUT/*.npy"
have you had any recent hospitalizations or surgeries?,HOSPITAL STAY RECENT OR SURGERY ANY?,/HOSPITAL STAY RECENT OR SURGERY ANY?/*.npy
what can we do to make sure they're comfortable during their hospital stay?,"HOSPITAL STAY, COMFORTABLE MAKE SURE, WHAT DO?","/HOSPITAL STAY, COMFORTABLE MAKE SURE, WHAT DO?/*.npy"
how often have you been experiencing these symptoms?,HOW OFTEN SYMPTOMS YOU EXPERIENCE?,/HOW OFTEN SYMPTOMS YOU EXPERIENCE?/*.npy
"i feel dizzy, can i lay down?","I FEEL DIZZY, LIE DOWN CAN I ?","/I FEEL DIZZY, LIE DOWN CAN I ?/*.npy"
i'm feeling a bit nervous about this procedure,I FEEL NERVOUS ABOUT PROCEDURE,/I FEEL NERVOUS ABOUT PROCEDURE/*.npy
i have an appointment today,I HAVE APPOINTMENT TODAY,/I HAVE APPOINTMENT TODAY/*.npy
i specialize in pediatric care,I SPECIALIZE PEDIATRIC CARE,/I SPECIALIZE PEDIATRIC CARE/*.npy
can we talk about the potential long-term effects of their illness?,"ILLNESS LONG-TERM EFFECTS, TALK CAN?","/ILLNESS LONG-TERM EFFECTS, TALK CAN?/*.npy"
i need to talk about my fears regarding my illness,"ILLNESS MY, FEARS ABOUT TALK NEED","/ILLNESS MY, FEARS ABOUT TALK NEED/*.npy"
can i have a copy of my immunization record?,"IMMUNIZATION RECORD MY, COPY HAVE CAN I?","/IMMUNIZATION RECORD MY, COPY HAVE CAN I?/*.npy"
it's important to keep your immunizations up to date,IMMUNIZATIONS KEEP UP-TO-DATE IMPORTANT,/IMMUNIZATIONS KEEP UP-TO-DATE IMPORTANT/*.npy
it's important that you complete the full course of antibiotics,IMPORTANT COMPLETE FULL ANTIBIOTICS COURSE,/IMPORTANT COMPLETE FULL ANTIBIOTICS COURSE/*.npy
it's important not to miss any doses of this medication,IMPORTANT DON'T MISS ANY DOSE MEDICINE,/IMPORTANT DON'T MISS ANY DOSE MEDICINE/*.npy
i'm here to make sure they don't miss any important information,"IMPORTANT INFORMATION MISS NOT, MAKE SURE HERE I","/IMPORTANT INFORMATION MISS NOT, MAKE SURE HERE I/*.npy"
it's important to keep the wound dry and clean,IMPORTANT KEEP WOUND DRY CLEAN,/IMPORTANT KEEP WOUND DRY CLEAN/*.npy
what exercises can i do to improve my condition?,"IMPROVE CONDITION MY, EXERCISES WHAT DO CAN?","/IMPROVE CONDITION MY, EXERCISES WHAT DO CAN?/*.npy"
have you noticed any improvement since your last visit?,IMPROVEMENT NOTICE SINCE LAST VISIT?,/IMPROVEMENT NOTICE SINCE LAST VISIT?/*.npy
are there any specific signs of improvement i should look for?,"IMPROVEMENT SIGNS SPECIFIC, LOOK FOR WHAT?","/IMPROVEMENT SIGNS SPECIFIC, LOOK FOR WHAT?/*.npy"
how can i help them maintain their independence during recovery?,"INDEPENDENCE MAINTAIN, RECOVERY DURING, HELP HOW?","/INDEPENDENCE MAINTAIN, RECOVERY DURING, HELP HOW?/*.npy"
we'll be checking for any signs of infection,INFECTION SIGNS CHECK WE DO,/INFECTION SIGNS CHECK WE DO/*.npy
what are the signs of infection i should watch for?,INFECTION SIGNS WATCH FOR WHAT?,/INFECTION SIGNS WATCH FOR WHAT?/*.npy
it's important to follow the instructions for your inhaler,INHALER INSTRUCTIONS FOLLOW IMPORTANT,/INHALER INSTRUCTIONS FOLLOW IMPORTANT/*.npy
i need guidance on how to use this inhaler,"INHALER THIS, USE HOW, GUIDANCE NEED I","/INHALER THIS, USE HOW, GUIDANCE NEED I/*.npy"
"i forgot how to use my inhaler, can you show me again?","INHALER USE FORGOT I, SHOW AGAIN CAN YOU?","/INHALER USE FORGOT I, SHOW AGAIN CAN YOU?/*.npy"
we'll give you some instructions for after-care at home,INSTRUCTIONS AFTER-CARE HOME WE GIVE YOU,/INSTRUCTIONS AFTER-CARE HOME WE GIVE YOU/*.npy
i'm having issues with my insurance claim,"INSURANCE CLAIM ISSUES, HAVE I","/INSURANCE CLAIM ISSUES, HAVE I/*.npy"
are you currently covered by health insurance for these treatments?,INSURANCE COVER TREATMENT THESE?,/INSURANCE COVER TREATMENT THESE?/*.npy
are you experiencing any issues with your current health insurance coverage?,INSURANCE ISSUE HEALTH EXPERIENCE YOU?,/INSURANCE ISSUE HEALTH EXPERIENCE YOU?/*.npy
"i need an interpreter, does your clinic provide one?","INTERPRETER NEED I, YOUR CLINIC PROVIDE CAN?","/INTERPRETER NEED I, YOUR CLINIC PROVIDE CAN?/*.npy"
have you been experiencing any joint pain or stiffness?,JOINT PAIN STIFFNESS YOU EXPERIENCE?,/JOINT PAIN STIFFNESS YOU EXPERIENCE?/*.npy
we need to monitor your kidney function,KIDNEY FUNCTION MONITOR NEED,/KIDNEY FUNCTION MONITOR NEED/*.npy
can i have a detailed explanation of my lab results?,"LAB RESULTS, DETAILED EXPLANATION HAVE CAN?","/LAB RESULTS, DETAILED EXPLANATION HAVE CAN?/*.npy"
would you like information on lifestyle changes for your condition?,LIFESTYLE CHANGE INFORMATION WANT?,/LIFESTYLE CHANGE INFORMATION WANT?/*.npy
can you explain the benefits of the recommended lifestyle changes?,"LIFESTYLE CHANGES RECOMMENDED, BENEFITS EXPLAIN CAN?","/LIFESTYLE CHANGES RECOMMENDED, BENEFITS EXPLAIN CAN?/*.npy"
do you have any questions about the lifestyle recommendations we've given?,LIFESTYLE RECOMMEND QUESTION HAVE?,/LIFESTYLE RECOMMEND QUESTION HAVE?/*.npy
is there a support group for patients like me?,"LIKE ME PATIENTS, SUPPORT GROUP THERE?","/LIKE ME PATIENTS, SUPPORT GROUP THERE?/*.npy"
please give me a list of any vitamines you're taking,LIST VITAMINES YOU TAKE PLEASE GIVE-me,/LIST VITAMINES YOU TAKE PLEASE GIVE-me/*.npy
we need to monitor your liver function,LIVER FUNCTION MONITOR NEED,/LIVER FUNCTION MONITOR NEED/*.npy
"i've had this issue for a long time, can you help me?","LONG TIME THIS ISSUE I HAVE, HELP-me CAN YOU?","/LONG TIME THIS ISSUE I HAVE, HELP-me CAN YOU?/*.npy"
how long have you been feeling fatigued?,LONG YOU FEEL FATIGUE?,/LONG YOU FEEL FATIGUE?/*.npy
can we talk about the long-term prognosis?,"LONG-TERM PROGNOSIS, TALK CAN?","/LONG-TERM PROGNOSIS, TALK CAN?/*.npy"
can you provide a low-impact exercise routine for me?,"LOW-IMPACT EXERCISE, ROUTINE PROVIDE CAN YOU?","/LOW-IMPACT EXERCISE, ROUTINE PROVIDE CAN YOU?/*.npy"
we need to evaluate your lung function,LUNG FUNCTION EVALUATE NEED,/LUNG FUNCTION EVALUATE NEED/*.npy
we need to discuss the importance of regular mammograms,MAMMOGRAMS REGULAR IMPORTANCE DISCUSS,/MAMMOGRAMS REGULAR IMPORTANCE DISCUSS/*.npy
i need advice on managing my diabetes,"MANAGE DIABETES MY, ADVICE NEED I","/MANAGE DIABETES MY, ADVICE NEED I/*.npy"
i am your nurse for today,ME NURSE TODAY FOR-YOU,/ME NURSE TODAY FOR-YOU/*.npy
can i get assistance with meal planning?,"MEAL PLANNING, ASSISTANCE GET CAN I?","/MEAL PLANNING, ASSISTANCE GET CAN I?/*.npy"
it's important to wear your medical alert bracelet at all times,MEDICAL ALERT BRACELET WEAR ALL-TIME IMPORTANT,/MEDICAL ALERT BRACELET WEAR ALL-TIME IMPORTANT/*.npy
is there training available for family on medical care?,"MEDICAL CARE TRAINING, FAMILY FOR, AVAILABLE?","/MEDICAL CARE TRAINING, FAMILY FOR, AVAILABLE?/*.npy"
can you explain how this medical device works?,"MEDICAL DEVICE THIS, WORKS HOW, EXPLAIN CAN YOU?","/MEDICAL DEVICE THIS, WORKS HOW, EXPLAIN CAN YOU?/*.npy"
is there someone who can advise us on medical equipment for home use?,"MEDICAL EQUIPMENT HOME USE, ADVISE WHO CAN?","/MEDICAL EQUIPMENT HOME USE, ADVISE WHO CAN?/*.npy"
i'm not sure how to use this medical equipment,"MEDICAL EQUIPMENT THIS, USE HOW?","/MEDICAL EQUIPMENT THIS, USE HOW?/*.npy"
i need guidance on how to use the medical equipment they'll need,"MEDICAL EQUIPMENT, USE HOW, GUIDANCE NEED","/MEDICAL EQUIPMENT, USE HOW, GUIDANCE NEED/*.npy"
can you recommend any resources for financial assistance with medical expenses?,"MEDICAL EXPENSES, FINANCIAL ASSISTANCE, RESOURCES RECOMMEND CAN?","/MEDICAL EXPENSES, FINANCIAL ASSISTANCE, RESOURCES RECOMMEND CAN?/*.npy"
can you provide a brief medical history?,MEDICAL HISTORY BRIEF CAN YOU GIVE?,/MEDICAL HISTORY BRIEF CAN YOU GIVE?/*.npy
can i receive a copy of my medical records?,MEDICAL RECORDS COPY RECEIVE CAN I?,/MEDICAL RECORDS COPY RECEIVE CAN I?/*.npy
would you like to discuss any adjustments to your current medication?,MEDICATION ADJUST DISCUSS WANT?,/MEDICATION ADJUST DISCUSS WANT?/*.npy
what are the alternatives to this medication?,MEDICATION ALTERNATIVE WHAT?,/MEDICATION ALTERNATIVE WHAT?/*.npy
are you experiencing any side effects from your current medication?,MEDICATION CURRENT SIDE EFFECT EXPERIENCE YOU?,/MEDICATION CURRENT SIDE EFFECT EXPERIENCE YOU?/*.npy
we need to adjust your medication dosage,MEDICATION DOSE ADJUST NEED,/MEDICATION DOSE ADJUST NEED/*.npy
can you help me understand the importance of each medication they're taking?,"MEDICATION EACH, IMPORTANCE UNDERSTAND HELP, CAN YOU?","/MEDICATION EACH, IMPORTANCE UNDERSTAND HELP, CAN YOU?/*.npy"
we need to review your current medication list for any potential interactions,MEDICATION LIST REVIEW INTERACTION CHECK NEED,/MEDICATION LIST REVIEW INTERACTION CHECK NEED/*.npy
i'm not sure how to manage my medication while traveling,"MEDICATION MANAGE HOW, TRAVEL WHILE","/MEDICATION MANAGE HOW, TRAVEL WHILE/*.npy"
can you provide instructions for medication management at home?,"MEDICATION MANAGEMENT, INSTRUCTIONS PROVIDE CAN?","/MEDICATION MANAGEMENT, INSTRUCTIONS PROVIDE CAN?/*.npy"
are you currently taking any other medications?,MEDICATION OTHER YOU TAKE NOW?,/MEDICATION OTHER YOU TAKE NOW?/*.npy
how often do you need a prescription refill for this medication?,MEDICATION PRESCRIPTION REFILL HOW OFTEN NEED?,/MEDICATION PRESCRIPTION REFILL HOW OFTEN NEED?/*.npy
do you need any assistance with managing your medication schedule?,MEDICATION SCHEDULE MANAGE HELP NEED?,/MEDICATION SCHEDULE MANAGE HELP NEED?/*.npy
can you explain my medication schedule?,"MEDICATION SCHEDULE MY, EXPLAIN CAN YOU?","/MEDICATION SCHEDULE MY, EXPLAIN CAN YOU?/*.npy"
can you help me understand the medication schedule they're on?,"MEDICATION SCHEDULE THEIR, UNDERSTAND HELP ME","/MEDICATION SCHEDULE THEIR, UNDERSTAND HELP ME/*.npy"
we need to check your insurance coverage for this medication,MEDICATION THIS INSURANCE COVERAGE WE NEED CHECK,/MEDICATION THIS INSURANCE COVERAGE WE NEED CHECK/*.npy
"this medication may cause drowsiness, so avoid driving","MEDICATION THIS MAYBE CAUSE SLEEPY, AVOID DRIVE","/MEDICATION THIS MAYBE CAUSE SLEEPY, AVOID DRIVE/*.npy"
please avoid driving while taking this medication,"MEDICATION THIS TAKE, AVOID DRIVE","/MEDICATION THIS TAKE, AVOID DRIVE/*.npy"
it's important to stay hydrated while taking this medication,"MEDICATION THIS TAKE, STAY HYDRATE IMPORTANT","/MEDICATION THIS TAKE, STAY HYDRATE IMPORTANT/*.npy"
i'm concerned about how this medication is affecting me,"MEDICATION THIS, AFFECT ME HOW, CONCERNED I","/MEDICATION THIS, AFFECT ME HOW, CONCERNED I/*.npy"
can you explain how this medication will help with their symptoms?,"MEDICATION THIS, SYMPTOMS HELP HOW, EXPLAIN","/MEDICATION THIS, SYMPTOMS HELP HOW, EXPLAIN/*.npy"
are you taking any medications?,MEDICATION YOU TAKE ANY?,/MEDICATION YOU TAKE ANY?/*.npy
i'm concerned about their ability to manage medications can we discuss this?,"MEDICATIONS MANAGE, THEIR ABILITY, CONCERNED, DISCUSS CAN?","/MEDICATIONS MANAGE, THEIR ABILITY, CONCERNED, DISCUSS CAN?/*.npy"
do you have medication side effects?,MEDICINE SIDE EFFECTS HAVE YOU?,/MEDICINE SIDE EFFECTS HAVE YOU?/*.npy
i'm having memory issues is that related to my medication?,"MEMORY ISSUES HAVE I, MEDICATION RELATED?","/MEMORY ISSUES HAVE I, MEDICATION RELATED?/*.npy"
are you experiencing any memory problems?,MEMORY PROBLEMS EXPERIENCE YOU?,/MEMORY PROBLEMS EXPERIENCE YOU?/*.npy
have you noticed any changes in your menstrual cycle?,MENSTRUAL CYCLE CHANGES NOTICE YOU?,/MENSTRUAL CYCLE CHANGES NOTICE YOU?/*.npy
we need to discuss the importance of mental health,MENTAL HEALTH IMPORTANCE DISCUSS,/MENTAL HEALTH IMPORTANCE DISCUSS/*.npy
can i get a referral for a mental health professional?,"MENTAL HEALTH PROFESSIONAL, REFERRAL GET CAN?","/MENTAL HEALTH PROFESSIONAL, REFERRAL GET CAN?/*.npy"
do you need any support or resources for mental health related to your condition?,MENTAL HEALTH SUPPORT NEED?,/MENTAL HEALTH SUPPORT NEED?/*.npy
i'm concerned about their mental health can we talk to a counselor?,MENTAL HEALTH THEIR CONCERNED I COUNSELOR TALK CAN?,/MENTAL HEALTH THEIR CONCERNED I COUNSELOR TALK CAN?/*.npy
please avoid eating or drinking anything after midnight before your surgery,MIDNIGHT AFTER NO EAT DRINK BEFORE SURGERY,/MIDNIGHT AFTER NO EAT DRINK BEFORE SURGERY/*.npy
is there a specific way i should be helping them with their mobility?,"MOBILITY HELP, SPECIFIC WAY WHAT?","/MOBILITY HELP, SPECIFIC WAY WHAT?/*.npy"
have you experienced any changes in your mood or behavior?,MOOD BEHAVIOR CHANGE EXPERIENCE YOU?,/MOOD BEHAVIOR CHANGE EXPERIENCE YOU?/*.npy
we'll need to do a few more tests to confirm the diagnosis,MORE TESTS DO NEED CONFIRM DIAGNOSIS,/MORE TESTS DO NEED CONFIRM DIAGNOSIS/*.npy
please remove any metal objects before the mri scan,"MRI SCAN BEFORE, REMOVE METAL","/MRI SCAN BEFORE, REMOVE METAL/*.npy"
is there a diet i should follow for my condition?,"MY CONDITION, DIET FOLLOW SHOULD?","/MY CONDITION, DIET FOLLOW SHOULD?/*.npy"
is there a specialist i can see for my condition?,"MY CONDITION, SPECIALIST SEE CAN I?","/MY CONDITION, SPECIALIST SEE CAN I?/*.npy"
i'm not sure i understand my diagnosis,MY DIAGNOSIS UNDERSTAND NOT I,/MY DIAGNOSIS UNDERSTAND NOT I/*.npy
let me know if you need anything,NEED ANYTHING TELL ME,/NEED ANYTHING TELL ME/*.npy
we'll need to monitor your vitals every few hours,NEED MONITOR YOUR VITALS EVERY FEW HOURS,/NEED MONITOR YOUR VITALS EVERY FEW HOURS/*.npy
we need to schedule a follow-up appointment to monitor your progress,NEED SCHEDULE FOLLOW-UP APPOINTMENT MONITOR PROGRESS,/NEED SCHEDULE FOLLOW-UP APPOINTMENT MONITOR PROGRESS/*.npy
are there any side effects we should monitor with this new medication?,NEW MEDICATION SIDE EFFECTS MONITOR NEED?,/NEW MEDICATION SIDE EFFECTS MONITOR NEED?/*.npy
i'm having side effects from my new medication,"NEW MEDICATION, SIDE EFFECTS HAVE I","/NEW MEDICATION, SIDE EFFECTS HAVE I/*.npy"
i'm experiencing new symptoms,NEW SYMPTOMS HAVE I,/NEW SYMPTOMS HAVE I/*.npy
how do i schedule my next appointment?,NEXT APPOINTMENT SCHEDULE HOW?,/NEXT APPOINTMENT SCHEDULE HOW?/*.npy
i'd like to know more about managing their symptoms at night,"NIGHT MANAGE SYMPTOMS THEIR, MORE KNOW WANT","/NIGHT MANAGE SYMPTOMS THEIR, MORE KNOW WANT/*.npy"
is this normal to experience?,NORMAL EXPERIENCE THIS?,/NORMAL EXPERIENCE THIS?/*.npy
i will take your blood pressure and temperature now,NOW I TAKE YOUR BLOOD-PRESSURE AND TEMPERATURE,/NOW I TAKE YOUR BLOOD-PRESSURE AND TEMPERATURE/*.npy
are you experiencing any discomfort or pain at the moment?,NOW PAIN DISCOMFORT YOU FEEL?,/NOW PAIN DISCOMFORT YOU FEEL?/*.npy
let's check your reflexes now,NOW WE CHECK YOUR REFLEX,/NOW WE CHECK YOUR REFLEX/*.npy
i'm going to listen to your heart and lungs now,NOW YOUR HEART LUNGS I LISTEN,/NOW YOUR HEART LUNGS I LISTEN/*.npy
are you experiencing any numbness or tingling?,NUMBNESS TINGLING EXPERIENCE YOU?,/NUMBNESS TINGLING EXPERIENCE YOU?/*.npy
can we set up a meeting with a nutritionist?,"NUTRITIONIST, MEETING SET UP CAN?","/NUTRITIONIST, MEETING SET UP CAN?/*.npy"
do you exercise often?,OFTEN EXERCISE YOU DO?,/OFTEN EXERCISE YOU DO?/*.npy
this ointment should be applied twice daily,OINTMENT APPLY TWICE DAILY,/OINTMENT APPLY TWICE DAILY/*.npy
are you feeling overwhelmed or stressed?,OVERWHELMED STRESSED FEEL YOU?,/OVERWHELMED STRESSED FEEL YOU?/*.npy
we will measure your oxygen levels during the test,OXYGEN LEVELS TEST DURING WE MEASURE,/OXYGEN LEVELS TEST DURING WE MEASURE/*.npy
tell me more about the pain you're experiencing,PAIN DESCRIBE MORE CAN YOU?,/PAIN DESCRIBE MORE CAN YOU?/*.npy
i'm concerned about how they're handling the pain are there alternatives to medication?,"PAIN HANDLE HOW, CONCERNED I, MEDICATION ALTERNATIVE?","/PAIN HANDLE HOW, CONCERNED I, MEDICATION ALTERNATIVE?/*.npy"
i've been having this pain for a week now,PAIN HAVE I ONE WEEK NOW,/PAIN HAVE I ONE WEEK NOW/*.npy
how long does the pain usually last?,PAIN LAST HOW LONG USUALLY?,/PAIN LAST HOW LONG USUALLY?/*.npy
how are you managing with your current pain levels?,PAIN LEVEL CURRENT MANAGE HOW YOU?,/PAIN LEVEL CURRENT MANAGE HOW YOU?/*.npy
can we discuss how to manage their pain without strong medications?,"PAIN MANAGE, MEDICATION STRONG WITHOUT, DISCUSS CAN?","/PAIN MANAGE, MEDICATION STRONG WITHOUT, DISCUSS CAN?/*.npy"
can i discuss alternative pain management options?,"PAIN MANAGEMENT ALTERNATIVE, DISCUSS CAN?","/PAIN MANAGEMENT ALTERNATIVE, DISCUSS CAN?/*.npy"
we have a variety of pain management options available,PAIN MANAGEMENT OPTIONS VARIOUS HAVE,/PAIN MANAGEMENT OPTIONS VARIOUS HAVE/*.npy
i'm concerned about getting addicted to my pain medication,"PAIN MEDICATION, ADDICTION WORRY ABOUT","/PAIN MEDICATION, ADDICTION WORRY ABOUT/*.npy"
can you rate your pain on a scale from 1 to 10?,PAIN YOURS RATE SCALE 1-10 CAN?,/PAIN YOURS RATE SCALE 1-10 CAN?/*.npy
can you provide more details about palliative care options?,"PALLIATIVE CARE OPTIONS, MORE DETAILS CAN?","/PALLIATIVE CARE OPTIONS, MORE DETAILS CAN?/*.npy"
please let me know if you need assistance with the paperwork,PAPERWORK HELP NEED YOU? INFORM ME PLEASE,/PAPERWORK HELP NEED YOU? INFORM ME PLEASE/*.npy
have you had any allergic reactions to medications in the past?,PAST ANY ALLERGIC REACTIONS MEDICINE YOU?,/PAST ANY ALLERGIC REACTIONS MEDICINE YOU?/*.npy
is there a patient advocate i can speak with for more support?,"PATIENT ADVOCATE, SPEAK WITH, MORE SUPPORT FOR?","/PATIENT ADVOCATE, SPEAK WITH, MORE SUPPORT FOR?/*.npy"
we have a patient website where you can access your test results,"PATIENT WEBSITE HAVE, YOUR TEST RESULTS ACCESS CAN","/PATIENT WEBSITE HAVE, YOUR TEST RESULTS ACCESS CAN/*.npy"
it's essential to follow the physical therapy routine,PHYSICAL THERAPY ROUTINE FOLLOW ESSENTIAL,/PHYSICAL THERAPY ROUTINE FOLLOW ESSENTIAL/*.npy
can i get a referral for physical therapy?,"PHYSICAL THERAPY, REFERRAL GET CAN I?","/PHYSICAL THERAPY, REFERRAL GET CAN I?/*.npy"
i'm having trouble swallowing my pills what can i do?,"PILLS SWALLOW TROUBLE, WHAT DO CAN I?","/PILLS SWALLOW TROUBLE, WHAT DO CAN I?/*.npy"
is there a place where i can wait while they're in surgery?,"PLACE WAIT CAN, DURING SURGERY THEY?","/PLACE WAIT CAN, DURING SURGERY THEY?/*.npy"
please relax and breathe normally during the examination,"PLEASE RELAX, BREATHE NORMAL DURING EXAM","/PLEASE RELAX, BREATHE NORMAL DURING EXAM/*.npy"
please take a seat in the waiting area,PLEASE SIT WAIT-AREA,/PLEASE SIT WAIT-AREA/*.npy
i need to know more about post-surgery care at home,"POST-SURGERY CARE HOME, MORE KNOW NEED I","/POST-SURGERY CARE HOME, MORE KNOW NEED I/*.npy"
can we have a detailed discussion about their post-surgery care?,"POST-SURGERY CARE, DISCUSSION DETAILED HAVE CAN?","/POST-SURGERY CARE, DISCUSSION DETAILED HAVE CAN?/*.npy"
we offer rehabilitation services post-surgery,POST-SURGERY REHABILITATION SERVICES OFFER,/POST-SURGERY REHABILITATION SERVICES OFFER/*.npy
are there any dietary restrictions they need to follow post-surgery?,"POST-SURGERY, DIETARY RESTRICTIONS ANY?","/POST-SURGERY, DIETARY RESTRICTIONS ANY?/*.npy"
please let me know if you have a preferred pharmacy,PREFERRED PHARMACY YOU HAVE INFORM ME,/PREFERRED PHARMACY YOU HAVE INFORM ME/*.npy
"i'm pregnant, is this medication safe for me?","PREGNANT I, THIS MEDICINE SAFE?","/PREGNANT I, THIS MEDICINE SAFE?/*.npy"
we need to monitor your heart rate and rhythm,PRENATAL CARE CHILDBIRTH CLASSES OFFER WE,/PRENATAL CARE CHILDBIRTH CLASSES OFFER WE/*.npy
what precautions should we take to prevent infection at home?,"PREVENT INFECTION HOME, PRECAUTIONS WHAT?","/PREVENT INFECTION HOME, PRECAUTIONS WHAT?/*.npy"
i'm interested in learning about preventive measures for their condition,"PREVENTIVE MEASURES, CONDITION THEIR, LEARN ABOUT INTERESTED","/PREVENTIVE MEASURES, CONDITION THEIR, LEARN ABOUT INTERESTED/*.npy"
i'm worried about the pain after the procedure,"PROCEDURE AFTER, PAIN WORRY I","/PROCEDURE AFTER, PAIN WORRY I/*.npy"
we need to perform some routine checks before your procedure,PROCEDURE BEFORE CHECK ROUTINE NEED,/PROCEDURE BEFORE CHECK ROUTINE NEED/*.npy
i have a question about the consent form for the procedure,"PROCEDURE CONSENT FORM, QUESTION HAVE I","/PROCEDURE CONSENT FORM, QUESTION HAVE I/*.npy"
can you explain the procedure to me in detail?,PROCEDURE EXPLAIN DETAIL CAN YOU?,/PROCEDURE EXPLAIN DETAIL CAN YOU?/*.npy
how long do you expect the procedure to take?,"PROCEDURE LONG TAKE, EXPECT HOW LONG?","/PROCEDURE LONG TAKE, EXPECT HOW LONG?/*.npy"
do you have any concerns about the procedures we've recommended?,PROCEDURE RECOMMEND CONCERN HAVE YOU?,/PROCEDURE RECOMMEND CONCERN HAVE YOU?/*.npy
would you like to discuss the long-term prognosis of your condition?,PROGNOSIS LONG-TERM DISCUSS WANT?,/PROGNOSIS LONG-TERM DISCUSS WANT?/*.npy
can we discuss strategies for improving their quality of life?,"QUALITY LIFE THEIR, IMPROVE STRATEGIES, DISCUSS CAN?","/QUALITY LIFE THEIR, IMPROVE STRATEGIES, DISCUSS CAN?/*.npy"
i'm having a reaction to something what should i do?,"REACTION SOMETHING TO, WHAT DO SHOULD I?","/REACTION SOMETHING TO, WHAT DO SHOULD I?/*.npy"
i'm experiencing a reaction to a medication i recently started,RECENT MEDICINE START REACTION I HAVE,/RECENT MEDICINE START REACTION I HAVE/*.npy
what are the most important factors in their recovery process?,"RECOVERY IMPORTANT FACTORS, WHAT?","/RECOVERY IMPORTANT FACTORS, WHAT?/*.npy"
what should we expect during the recovery period?,"RECOVERY PERIOD, EXPECT WHAT?","/RECOVERY PERIOD, EXPECT WHAT?/*.npy"
how long is the recovery process?,RECOVERY PROCESS LONG HOW?,/RECOVERY PROCESS LONG HOW?/*.npy
i want to make sure we're doing everything possible for their recovery,"RECOVERY THEIR, EVERYTHING POSSIBLE DOING, MAKE SURE WANT","/RECOVERY THEIR, EVERYTHING POSSIBLE DOING, MAKE SURE WANT/*.npy"
is there a way i can help them with their recovery process?,"RECOVERY THEIR, HELP HOW CAN?","/RECOVERY THEIR, HELP HOW CAN?/*.npy"
i want to understand the timeline of their recovery process,"RECOVERY TIMELINE, UNDERSTAND WANT","/RECOVERY TIMELINE, UNDERSTAND WANT/*.npy"
can we discuss their rehabilitation plan?,"REHABILITATION PLAN THEIR, DISCUSS CAN?","/REHABILITATION PLAN THEIR, DISCUSS CAN?/*.npy"
can you help me schedule my rehabilitation sessions?,"REHABILITATION SESSIONS, SCHEDULE HELP CAN YOU?","/REHABILITATION SESSIONS, SCHEDULE HELP CAN YOU?/*.npy"
have you had any symptoms of respiratory problems?,RESPIRATORY PROBLEMS SYMPTOMS HAVE YOU?,/RESPIRATORY PROBLEMS SYMPTOMS HAVE YOU?/*.npy
i need information on respite care options,"RESPITE CARE OPTIONS, INFORMATION NEED","/RESPITE CARE OPTIONS, INFORMATION NEED/*.npy"
how can we ensure they're getting the right nutrition for healing?,"RIGHT NUTRITION GET, HEALING FOR, ENSURE HOW?","/RIGHT NUTRITION GET, HEALING FOR, ENSURE HOW?/*.npy"
we need to assess the risk factors,RISK FACTORS ASSESS NEED,/RISK FACTORS ASSESS NEED/*.npy
we will do a routine checkup,ROUTINE CHECKUP DO WILL,/ROUTINE CHECKUP DO WILL/*.npy
we recommend regular screenings for your condition when was your last screening?,SCREENING REGULAR RECOMMEND LAST WHEN?,/SCREENING REGULAR RECOMMEND LAST WHEN?/*.npy
can i get a second opinion?,SECOND OPINION GET CAN I?,/SECOND OPINION GET CAN I?/*.npy
can we get a second opinion regarding this treatment?,"SECOND OPINION GET CAN, TREATMENT THIS ABOUT?","/SECOND OPINION GET CAN, TREATMENT THIS ABOUT?/*.npy"
we will do a test for sexually transmitted infections,SEXUALLY TRANSMITTED INFECTIONS TEST DO,/SEXUALLY TRANSMITTED INFECTIONS TEST DO/*.npy
i have a sharp pain,SHARP PAIN I HAVE,/SHARP PAIN I HAVE/*.npy
please take off your shirt for the examination,SHIRT TAKE-OFF FOR EXAMINATION PLEASE,/SHIRT TAKE-OFF FOR EXAMINATION PLEASE/*.npy
please inform me if you're experiencing any side effects,SIDE EFFECTS EXPERIENCE INFORM ME,/SIDE EFFECTS EXPERIENCE INFORM ME/*.npy
i've been feeling better since the last appointment,SINCE LAST APPOINTMENT FEEL BETTER I,/SINCE LAST APPOINTMENT FEEL BETTER I/*.npy
can i talk to a social worker about my situation?,"SITUATION MY, SOCIAL WORKER TALK CAN I?","/SITUATION MY, SOCIAL WORKER TALK CAN I?/*.npy"
it's important to get regular skin checks for moles and spots,SKIN CHECKS REGULAR FOR MOLES SPOTS,/SKIN CHECKS REGULAR FOR MOLES SPOTS/*.npy
have you noticed any changes in your skin or hair?,SKIN HAIR CHANGES NOTICE YOU?,/SKIN HAIR CHANGES NOTICE YOU?/*.npy
it's important to protect your skin from sun exposure,SKIN SUN PROTECT IMPORTANT,/SKIN SUN PROTECT IMPORTANT/*.npy
we'll be doing a skin test to check for allergies,SKIN TEST DO FOR ALLERGIES CHECK,/SKIN TEST DO FOR ALLERGIES CHECK/*.npy
how has your sleep been affected by your health issues?,SLEEP AFFECT HEALTH HOW?,/SLEEP AFFECT HEALTH HOW?/*.npy
are you experiencing any sleep disturbances?,SLEEP DISTURBANCES EXPERIENCE YOU?,/SLEEP DISTURBANCES EXPERIENCE YOU?/*.npy
can we talk about ways to improve their sleep quality?,"SLEEP QUALITY IMPROVE, WAYS TALK ABOUT?","/SLEEP QUALITY IMPROVE, WAYS TALK ABOUT?/*.npy"
i'm having trouble sleeping can you help?,"SLEEP TROUBLE HAVE I, HELP CAN YOU?","/SLEEP TROUBLE HAVE I, HELP CAN YOU?/*.npy"
we're going to take a small sample for a biopsy,SMALL SAMPLE TAKE WE WILL FOR BIOPSY,/SMALL SAMPLE TAKE WE WILL FOR BIOPSY/*.npy
we need to discuss your smoking habits,SMOKING HABITS DISCUSS NEED,/SMOKING HABITS DISCUSS NEED/*.npy
let's discuss ways to help you quit smoking,SMOKING QUIT HELP DISCUSS,/SMOKING QUIT HELP DISCUSS/*.npy
I am allergic to some medications,SOME MEDICINES ALLERGIC I,/SOME MEDICINES ALLERGIC I/*.npy
i'm experiencing some side effects,SOME SIDE EFFECTS EXPERIENCE I,/SOME SIDE EFFECTS EXPERIENCE I/*.npy
"i'm traveling soon, can i get extra supply?","SOON TRAVEL I, EXTRA SUPPLY GET CAN I?","/SOON TRAVEL I, EXTRA SUPPLY GET CAN I?/*.npy"
can i get a recommendation for a specialist in my area?,"SPECIALIST AREA MY, RECOMMENDATION GET CAN?","/SPECIALIST AREA MY, RECOMMENDATION GET CAN?/*.npy"
do you need a referral to a specialist for this condition?,SPECIALIST REFERRAL NEED YOU?,/SPECIALIST REFERRAL NEED YOU?/*.npy
we'll start with a basic hearing test and proceed from there,"START BASIC HEARING TEST, THEN CONTINUE","/START BASIC HEARING TEST, THEN CONTINUE/*.npy"
can i stay in a private room?,STAY PRIVATE ROOM CAN I?,/STAY PRIVATE ROOM CAN I?/*.npy
are you currently experiencing any stress or anxiety related to your health?,STRESS ANXIETY HEALTH RELATED EXPERIENCE YOU?,/STRESS ANXIETY HEALTH RELATED EXPERIENCE YOU?/*.npy
can you provide tips on managing stress related to caregiving?,"STRESS CAREGIVING, MANAGING TIPS PROVIDE CAN?","/STRESS CAREGIVING, MANAGING TIPS PROVIDE CAN?/*.npy"
i'm experiencing a lot of stress can you recommend support?,"STRESS LOT EXPERIENCE I, SUPPORT RECOMMEND CAN?","/STRESS LOT EXPERIENCE I, SUPPORT RECOMMEND CAN?/*.npy"
how have you been managing your stress levels?,STRESS MANAGE HOW YOU?,/STRESS MANAGE HOW YOU?/*.npy
we need to evaluate your risk for stroke,STROKE RISK EVALUATE NEED,/STROKE RISK EVALUATE NEED/*.npy
i need to know the warning signs of a stroke,"STROKE WARNING SIGNS, KNOW NEED I","/STROKE WARNING SIGNS, KNOW NEED I/*.npy"
can you provide a list of all the supplements and vitamins you're taking?,SUPPLEMENT VITAMIN LIST CAN GIVE?,/SUPPLEMENT VITAMIN LIST CAN GIVE?/*.npy
would you like information on support groups for individuals with your condition?,SUPPORT GROUP INFORMATION WANT?,/SUPPORT GROUP INFORMATION WANT?/*.npy
we offer various support groups for patients,SUPPORT GROUPS VARIOUS WE OFFER,/SUPPORT GROUPS VARIOUS WE OFFER/*.npy
can you provide information on support groups for this condition?,"SUPPORT GROUPS, CONDITION THIS, INFORMATION CAN?","/SUPPORT GROUPS, CONDITION THIS, INFORMATION CAN?/*.npy"
are there any support services available for family members?,"SUPPORT SERVICES FAMILY, AVAILABLE ANY?","/SUPPORT SERVICES FAMILY, AVAILABLE ANY?/*.npy"
can you help me understand my surgery consent form?,"SURGERY CONSENT FORM, UNDERSTAND HELP NEED I","/SURGERY CONSENT FORM, UNDERSTAND HELP NEED I/*.npy"
have you had any previous surgeries?,SURGERY PAST YOU HAVE ANY?,/SURGERY PAST YOU HAVE ANY?/*.npy
would you like to know more about the recovery process after your surgery?,SURGERY RECOVERY PROCESS MORE KNOW WANT?,/SURGERY RECOVERY PROCESS MORE KNOW WANT?/*.npy
we need to discuss the potential risks associated with this surgery,SURGERY RISK DISCUSS NEED,/SURGERY RISK DISCUSS NEED/*.npy
can you explain the risks of this surgery?,"SURGERY RISK, EXPLAIN CAN YOU?","/SURGERY RISK, EXPLAIN CAN YOU?/*.npy"
can we get a detailed explanation of their surgery?,"SURGERY THEIR, EXPLANATION DETAILED GET CAN?","/SURGERY THEIR, EXPLANATION DETAILED GET CAN?/*.npy"
i'm worried about my upcoming surgery,"SURGERY UPCOMING, WORRY ABOUT","/SURGERY UPCOMING, WORRY ABOUT/*.npy"
do you have any difficulty swallowing pills?,SWALLOW PILLS DIFFICULTY YOU HAVE?,/SWALLOW PILLS DIFFICULTY YOU HAVE?/*.npy
have you noticed any unusual swelling or redness?,SWELLING REDNESS UNUSUAL NOTICE YOU?,/SWELLING REDNESS UNUSUAL NOTICE YOU?/*.npy
are there any symptoms or changes you're particularly concerned about?,SYMPTOM CHANGE SPECIFIC CONCERN HAVE?,/SYMPTOM CHANGE SPECIFIC CONCERN HAVE?/*.npy
can you describe the frequency and intensity of your symptoms?,SYMPTOM FREQUENCY INTENSITY DESCRIBE CAN?,/SYMPTOM FREQUENCY INTENSITY DESCRIBE CAN?/*.npy
we recommend keeping a journal of your symptoms for better tracking,SYMPTOM JOURNAL KEEP RECOMMEND,/SYMPTOM JOURNAL KEEP RECOMMEND/*.npy
it's important to report any new symptoms immediately,SYMPTOM NEW REPORT IMPORTANT,/SYMPTOM NEW REPORT IMPORTANT/*.npy
it's important to keep us updated on any new symptoms or changes,SYMPTOM NEW UPDATE US IMPORTANT,/SYMPTOM NEW UPDATE US IMPORTANT/*.npy
can you describe any patterns or triggers you've noticed related to your symptoms?,SYMPTOM PATTERN TRIGGER NOTICE ANY?,/SYMPTOM PATTERN TRIGGER NOTICE ANY?/*.npy
are there any specific symptoms we should be monitoring more closely?,SYMPTOM SPECIFIC MONITOR CLOSE NEED?,/SYMPTOM SPECIFIC MONITOR CLOSE NEED?/*.npy
it's important to report any unusual or new symptoms immediately,SYMPTOM UNUSUAL NEW REPORT IMPORTANT,/SYMPTOM UNUSUAL NEW REPORT IMPORTANT/*.npy
how long have you been experiencing these symptoms?,SYMPTOMS LONG HOW EXPERIENCE YOU?,/SYMPTOMS LONG HOW EXPERIENCE YOU?/*.npy
please keep track of your symptoms in this diary,SYMPTOMS TRACK DIARY IN PLEASE,/SYMPTOMS TRACK DIARY IN PLEASE/*.npy
would you like to know more about the technology or equipment we'll be using?,TECHNOLOGY EQUIPMENT USE KNOW MORE WANT?,/TECHNOLOGY EQUIPMENT USE KNOW MORE WANT?/*.npy
please let us know if there's any discomfort during the tests,TEST DURING DISCOMFORT TELL US,/TEST DURING DISCOMFORT TELL US/*.npy
i need help understanding my test results,TEST RESULT UNDERSTAND HELP NEED I,/TEST RESULT UNDERSTAND HELP NEED I/*.npy
i'm concerned about the costs of these tests,TESTS COSTS WORRY I,/TESTS COSTS WORRY I/*.npy
i'm concerned about the radiation exposure during the tests,"TESTS RADIATION EXPOSURE, CONCERNED ABOUT","/TESTS RADIATION EXPOSURE, CONCERNED ABOUT/*.npy"
can you help us understand the results of their recent tests?,"TESTS RECENT, RESULTS UNDERSTAND HELP","/TESTS RECENT, RESULTS UNDERSTAND HELP/*.npy"
would you like to know more about alternative or complementary therapies?,THERAPY ALTERNATIVE COMPLEMENTARY KNOW MORE WANT?,/THERAPY ALTERNATIVE COMPLEMENTARY KNOW MORE WANT?/*.npy
i'd like to know more about the therapy options available,"THERAPY OPTIONS, MORE KNOW WANT","/THERAPY OPTIONS, MORE KNOW WANT/*.npy"
please make sure to attend all scheduled therapy sessions,THERAPY SESSIONS SCHEDULED ALL ATTEND MAKE-SURE,/THERAPY SESSIONS SCHEDULED ALL ATTEND MAKE-SURE/*.npy
do these symptoms indicate something serious?,THESE SYMPTOMS SERIOUS INDICATE?,/THESE SYMPTOMS SERIOUS INDICATE?/*.npy
should i be concerned about these symptoms?,THESE SYMPTOMS WORRY SHOULD I?,/THESE SYMPTOMS WORRY SHOULD I?/*.npy
can this condition affect my daily activities?,THIS CONDITION DAILY ACTIVITIES AFFECT CAN?,/THIS CONDITION DAILY ACTIVITIES AFFECT CAN?/*.npy
have you tried any medications for this issue?,THIS ISSUE MEDICATION TRY YOU?,/THIS ISSUE MEDICATION TRY YOU?/*.npy
can i take this medicine on an empty stomach?,THIS MEDICINE TAKE EMPTY STOMACH CAN I?,/THIS MEDICINE TAKE EMPTY STOMACH CAN I?/*.npy
take this medication with meals to avoid stomach upset,THIS MEDICINE TAKE WITH FOOD AVOID STOMACH UPSET,/THIS MEDICINE TAKE WITH FOOD AVOID STOMACH UPSET/*.npy
how quickly does this pain reliever work?,THIS PAIN RELIEVER WORK QUICK?,/THIS PAIN RELIEVER WORK QUICK?/*.npy
this prescription will need to be renewed after one month,THIS PRESCRIPTION RENEW NEED ONE MONTH AFTER,/THIS PRESCRIPTION RENEW NEED ONE MONTH AFTER/*.npy
we need your consent for this procedure,THIS PROCEDURE YOUR CONSENT WE NEED,/THIS PROCEDURE YOUR CONSENT WE NEED/*.npy
do i need to be fasting for this test?,"THIS TEST, FASTING NEED I?","/THIS TEST, FASTING NEED I?/*.npy"
we need to monitor your thyroid levels,THYROID LEVELS MONITOR,/THYROID LEVELS MONITOR/*.npy
we'll need to take some routine blood tests today,TODAY BLOOD TEST ROUTINE NEED WE,/TODAY BLOOD TEST ROUTINE NEED WE/*.npy
are there any specific concerns you'd like to address today?,TODAY SPECIFIC CONCERN HAVE YOU?,/TODAY SPECIFIC CONCERN HAVE YOU?/*.npy
is it safe for me to travel with my condition?,"TRAVEL SAFE FOR ME, CONDITION WITH?","/TRAVEL SAFE FOR ME, CONDITION WITH?/*.npy"
it's important to get vaccinations before your travel,TRAVEL VACCINATIONS GET BEFORE IMPORTANT,/TRAVEL VACCINATIONS GET BEFORE IMPORTANT/*.npy
is it normal to feel this tired after the treatment?,"TREATMENT AFTER, TIRED THIS NORMAL?","/TREATMENT AFTER, TIRED THIS NORMAL?/*.npy"
would you like to discuss alternative treatments available?,TREATMENT ALTERNATIVE DISCUSS WANT?,/TREATMENT ALTERNATIVE DISCUSS WANT?/*.npy
do you have any questions about the consent forms for your treatment?,TREATMENT CONSENT FORM QUESTION HAVE?,/TREATMENT CONSENT FORM QUESTION HAVE?/*.npy
do you have any concerns about the potential costs of your treatment?,TREATMENT COST CONCERN HAVE?,/TREATMENT COST CONCERN HAVE?/*.npy
we need to ensure your current treatments aren't conflicting with each other,TREATMENT CURRENT CONFLICT CHECK NEED,/TREATMENT CURRENT CONFLICT CHECK NEED/*.npy
i'm not feeling any relief from the current treatment,"TREATMENT CURRENT, RELIEF NONE FEEL I","/TREATMENT CURRENT, RELIEF NONE FEEL I/*.npy"
do you have any concerns about the duration or frequency of your treatment?,TREATMENT DURATION FREQUENCY CONCERN HAVE?,/TREATMENT DURATION FREQUENCY CONCERN HAVE?/*.npy
would you like to discuss potential future changes in your treatment?,TREATMENT FUTURE CHANGE DISCUSS WANT?,/TREATMENT FUTURE CHANGE DISCUSS WANT?/*.npy
can you help us understand the goals of their current treatment?,"TREATMENT GOALS THEIR, UNDERSTAND HELP CAN?","/TREATMENT GOALS THEIR, UNDERSTAND HELP CAN?/*.npy"
i'm worried about the long-term effects of my treatment,"TREATMENT LONG-TERM EFFECTS, WORRY I","/TREATMENT LONG-TERM EFFECTS, WORRY I/*.npy"
are you aware of the potential side effects of this new treatment?,TREATMENT NEW SIDE EFFECT AWARE?,/TREATMENT NEW SIDE EFFECT AWARE?/*.npy
can you explain the benefits of this new treatment?,"TREATMENT NEW, BENEFITS EXPLAIN CAN YOU?","/TREATMENT NEW, BENEFITS EXPLAIN CAN YOU?/*.npy"
can i discuss my treatment options with the doctor?,"TREATMENT OPTIONS DISCUSS, WITH DOCTOR CAN I?","/TREATMENT OPTIONS DISCUSS, WITH DOCTOR CAN I?/*.npy"
can you provide details of your previous treatments for this condition?,TREATMENT PAST DETAIL CAN GIVE?,/TREATMENT PAST DETAIL CAN GIVE?/*.npy
would you like a copy of your treatment plan for your records?,TREATMENT PLAN COPY WANT FOR RECORD?,/TREATMENT PLAN COPY WANT FOR RECORD?/*.npy
are you experiencing any difficulties with your current treatment plan?,TREATMENT PLAN CURRENT DIFFICULTY HAVE YOU?,/TREATMENT PLAN CURRENT DIFFICULTY HAVE YOU?/*.npy
we need to ensure your treatment plan is still effective and appropriate,TREATMENT PLAN EFFECTIVE APPROPRIATE CHECK NEED,/TREATMENT PLAN EFFECTIVE APPROPRIATE CHECK NEED/*.npy
i'm not sure i understand my treatment plan,"TREATMENT PLAN MY, UNDERSTAND NOT SURE I","/TREATMENT PLAN MY, UNDERSTAND NOT SURE I/*.npy"
how comfortable are you with the proposed treatment plan?,TREATMENT PLAN PROPOSE COMFORTABLE YOU?,/TREATMENT PLAN PROPOSE COMFORTABLE YOU?/*.npy
what are the risks if they don't follow the treatment plan strictly?,"TREATMENT PLAN, FOLLOW STRICTLY NOT, RISKS WHAT?","/TREATMENT PLAN, FOLLOW STRICTLY NOT, RISKS WHAT?/*.npy"
do you have any specific requests or preferences for your treatment?,TREATMENT PREFERENCE REQUEST SPECIFIC HAVE?,/TREATMENT PREFERENCE REQUEST SPECIFIC HAVE?/*.npy
i'd like to be updated regularly on their treatment progress,"TREATMENT PROGRESS, UPDATED REGULARLY, WANT","/TREATMENT PROGRESS, UPDATED REGULARLY, WANT/*.npy"
are you feeling any relief from the treatment?,TREATMENT RELIEF FEEL YOU?,/TREATMENT RELIEF FEEL YOU?/*.npy
how soon can i expect to see results from the treatment?,TREATMENT RESULTS SEE EXPECT WHEN?,/TREATMENT RESULTS SEE EXPECT WHEN?/*.npy
are there any questions you have about the risks or benefits of your treatment?,TREATMENT RISK BENEFIT QUESTION HAVE?,/TREATMENT RISK BENEFIT QUESTION HAVE?/*.npy
we need to discuss potential risks and benefits of this treatment,TREATMENT RISKS BENEFITS DISCUSS NEED,/TREATMENT RISKS BENEFITS DISCUSS NEED/*.npy
i'd like to understand more about the side effects of their treatment,"TREATMENT SIDE EFFECTS, UNDERSTAND MORE WANT","/TREATMENT SIDE EFFECTS, UNDERSTAND MORE WANT/*.npy"
is this treatment covered by my insurance?,"TREATMENT THIS, INSURANCE COVER?","/TREATMENT THIS, INSURANCE COVER?/*.npy"
please lie still while we perform the ultrasound,ULTRASOUND DO LIE-STILL PLEASE,/ULTRASOUND DO LIE-STILL PLEASE/*.npy
i'm here to ensure they understand everything can you explain that again?,"UNDERSTAND EVERYTHING ENSURE, EXPLAIN AGAIN CAN YOU?","/UNDERSTAND EVERYTHING ENSURE, EXPLAIN AGAIN CAN YOU?/*.npy"
do you have any questions about your upcoming surgery?,UPCOMING SURGERY QUESTIONS ANY?,/UPCOMING SURGERY QUESTIONS ANY?/*.npy
i'm feeling anxious about my upcoming surgery,"UPCOMING SURGERY, ANXIOUS FEEL I","/UPCOMING SURGERY, ANXIOUS FEEL I/*.npy"
can you explain the procedure for my upcoming test?,"UPCOMING TEST, PROCEDURE EXPLAIN CAN YOU?","/UPCOMING TEST, PROCEDURE EXPLAIN CAN YOU?/*.npy"
have you been experiencing any urinary problems?,URINARY PROBLEMS EXPERIENCE YOU?,/URINARY PROBLEMS EXPERIENCE YOU?/*.npy
we'll need a urine sample for testing,URINE SAMPLE WE NEED FOR TEST,/URINE SAMPLE WE NEED FOR TEST/*.npy
i'm feeling more tired than usual is that normal?,"USUAL MORE TIRED FEEL I, NORMAL?","/USUAL MORE TIRED FEEL I, NORMAL?/*.npy"
we'll need to review your vaccination history,VACCINATION HISTORY REVIEW NEED,/VACCINATION HISTORY REVIEW NEED/*.npy
this vaccination is important for your travel destination,VACCINATION IMPORTANT FOR YOUR TRAVEL,/VACCINATION IMPORTANT FOR YOUR TRAVEL/*.npy
we need to update your vaccination record when was your last vaccine?,VACCINE RECORD UPDATE NEED LAST VACCINE WHEN?,/VACCINE RECORD UPDATE NEED LAST VACCINE WHEN?/*.npy
have you noticed any changes in your vision or hearing?,VISION HEARING CHANGE NOTICE YOU?,/VISION HEARING CHANGE NOTICE YOU?/*.npy
i'm having trouble with my vision is that caused by my medication?,"VISION TROUBLE HAVE I, MEDICATION CAUSE?","/VISION TROUBLE HAVE I, MEDICATION CAUSE?/*.npy"
would you like a summary of your visit for your records?,VISIT SUMMARY WANT FOR RECORD YOUR?,/VISIT SUMMARY WANT FOR RECORD YOUR?/*.npy
what are the visiting hours?,VISITING HOURS WHAT?,/VISITING HOURS WHAT?/*.npy
how long is the waiting time usually?,WAIT TIME USUALLY HOW LONG?,/WAIT TIME USUALLY HOW LONG?/*.npy
"can i have some water, please?",WATER CAN I HAVE PLEASE?,/WATER CAN I HAVE PLEASE?/*.npy
we have a small waiting period,WE HAVE LITTLE WAIT,/WE HAVE LITTLE WAIT/*.npy
we need to update your contact information in our records,WE NEED UPDATE YOUR CONTACT INFORMATION OUR RECORD,/WE NEED UPDATE YOUR CONTACT INFORMATION OUR RECORD/*.npy
we'll review your medical history before proceeding,WE REVIEW YOUR MEDICAL HISTORY BEFORE CONTINUE,/WE REVIEW YOUR MEDICAL HISTORY BEFORE CONTINUE/*.npy
i'm concerned about my weight loss is it related to my condition?,"WEIGHT LOSS MY, CONDITION RELATED?","/WEIGHT LOSS MY, CONDITION RELATED?/*.npy"
we need to discuss strategies for weight management,WEIGHT MANAGEMENT STRATEGIES DISCUSS,/WEIGHT MANAGEMENT STRATEGIES DISCUSS/*.npy
would you like more information on how to improve your overall wellness?,WELLNESS OVERALL IMPROVE INFORMATION WANT?,/WELLNESS OVERALL IMPROVE INFORMATION WANT?/*.npy
what symptoms should prompt me to come back?,"WHAT SYMPTOMS, COME BACK PROMPT SHOULD?","/WHAT SYMPTOMS, COME BACK PROMPT SHOULD?/*.npy"
I need a wheelchair,WHEELCHAIR NEED I,/WHEELCHAIR NEED I/*.npy
i'm worried about returning to work after my surgery,"WORK RETURN WORRY I, SURGERY AFTER","/WORK RETURN WORRY I, SURGERY AFTER/*.npy"
i need help with wound care,WOUND CARE HELP NEED I,/WOUND CARE HELP NEED I/*.npy
can you show me how to properly care for their wound at home?,"WOUND CARE HOW, SHOW ME","/WOUND CARE HOW, SHOW ME/*.npy"
we need to check the healing process of your wound,WOUND HEALING CHECK NEED,/WOUND HEALING CHECK NEED/*.npy
we need to take a few x-rays,X-RAYS FEW TAKE NEED WE,/X-RAYS FEW TAKE NEED WE/*.npy
"i forgot to take my medication yesterday, what should i do?","YESTERDAY FORGOT TAKE MEDICINE, DO WHAT I?","/YESTERDAY FORGOT TAKE MEDICINE, DO WHAT I?/*.npy"
could you please provide your identification and insurance details?,YOU CAN GIVE ME YOUR ID AND INSURANCE INFORMATION PLEASE?,/YOU CAN GIVE ME YOUR ID AND INSURANCE INFORMATION PLEASE?/*.npy
are you here for a follow-up or a new consultation?,YOU COME HERE FOR FOLLOW-UP OR NEW CONSULT?,/YOU COME HERE FOR FOLLOW-UP OR NEW CONSULT?/*.npy
do you have any chronic illnesses?,YOU HAVE CHRONIC ILLNESS ANY?,/YOU HAVE CHRONIC ILLNESS ANY?/*.npy
could you please fill out this form?,YOU MIND FILL-OUT FORM?,/YOU MIND FILL-OUT FORM?/*.npy
we'll be monitoring your condition closely,YOUR CONDITION WE MONITOR CLOSE,/YOUR CONDITION WE MONITOR CLOSE/*.npy
we'll schedule your next appointment before you leave today,YOUR NEXT APPOINTMENT WE SCHEDULE BEFORE YOU LEAVE TODAY,/YOUR NEXT APPOINTMENT WE SCHEDULE BEFORE YOU LEAVE TODAY/*.npy
your privacy and confidentiality are important to us,YOUR PRIVACY CONFIDENTIALITY IMPORTANT US,/YOUR PRIVACY CONFIDENTIALITY IMPORTANT US/*.npy
can you describe your symptoms and when they started?,YOUR SYMPTOMS DESCRIBE CAN? START WHEN?,/YOUR SYMPTOMS DESCRIBE CAN? START WHEN?/*.npy